context_condition,n,acc_text,acc_img,pct_changed
ambig,29246,0.6678520139506258,0.350406893250359,0.3838815564521644
disambig,29246,0.9413253094440265,0.9425904397182521,0.044792450249606784
