context_condition,n,acc_text,acc_img,pct_changed
ambig,29246,0.3090337140121726,0.15321753402174657,0.30876017233125896
disambig,29246,0.7830130616152636,0.8217875948847706,0.1085960473227108
